product_id,price,order_count,line_count,customer_count,quantity,revenue,profit
2140,6611.85,1,1,1,7,47424.65,15980.013769999998
1279,6613.74,23,23,23,103,634831.97,145583.19899600002
1683,6613.74,7,7,7,40,239817.87,28945.383840000035
22,6615.0,2,2,2,11,61575.06999999999,23191.532499999987
1143,6625.844226804124,234,234,232,1043,6193536.12,-371681.63212886563
163,6636.2625,244,244,243,1077,6371097.16,1294402.1377112505
325,6645.975000000001,21,21,21,93,585142.46,173195.0226125
516,6653.520616438356,459,459,455,2078,12311382.69,5267027.619031438
549,6655.753057615516,857,857,839,3955,23546229.67,2958617.7055418687
2120,6667.367225806452,125,125,125,605,3665840.73,1563849.8678725162
125,6671.7,1,1,1,1,6779.58,441.46500000000015
915,6677.37,919,919,903,4141,24972593.24,-1295846.471499998
1226,6689.096277372263,1062,1062,1047,4870,28751069.81,1608830.870847008
688,6694.905,199,199,198,875,5345199.72,868484.1191250006
1793,6713.7,6,6,6,25,147139.34000000003,48716.49800000001
521,6740.37,1,1,1,6,40351.26,5510.287470000003
2153,6751.031538461538,155,155,155,721,4452619.21,-171499.84226923026
107,6788.18593220339,217,217,215,977,5524552.2,947769.2117581521
633,6803.801506849315,225,225,225,1027,6203714.69,2332637.392266027
164,6815.393617021276,34,34,34,152,912972.6,347453.04691914894
523,6819.422254335261,127,127,126,616,3739125.08,-173466.61081572325
2161,6821.850000000001,3,3,3,16,111296.85,17842.962479999995
532,6825.528620689655,45,45,45,212,1324270.38,52346.772591723864
248,6826.622727272727,16,16,16,72,478111.45999999996,61895.002967272725
1764,6828.570000000001,9,9,9,45,244785.29,1783.7979799999775
1795,6835.118181818181,25,25,25,116,660819.46,18908.905120000087
2104,6859.956826347306,64,64,64,292,1798157.03,16393.003665508877
2112,6863.706,214,214,210,985,5970610.31,-437228.92859799997
812,6867.0,1,1,1,8,56110.8,25522.435200000004
2116,6892.438965517242,116,116,116,520,3069324.32,-335540.5289655172
330,6926.85,1,1,1,4,28433.64,2349.8936399999984
2167,6928.53,5,5,5,18,95993.37,-22484.492999999988
847,6929.37,1,1,1,7,49867.86,10020.517815
914,6929.37,124,124,123,579,3656680.57,1367774.536285
1165,6929.37,880,880,860,3935,23847224.17,-2056493.2324999997
1174,6929.37,316,316,311,1465,9247398.38,-396552.31749999995
1201,6929.37,443,443,441,1986,12424843.95,-372187.67971799936
2078,6929.37,7,7,7,38,209861.52,52266.85809000001
2080,6929.37,105,105,104,460,2916640.97,1205904.24566
2105,6929.37,11,11,11,44,271686.51,106404.40501199999
2111,6929.37,1,1,1,8,55425.12,9913.01784
933,6929.370000000001,20,20,20,90,575506.9,261564.86278000002
570,6934.761627906977,153,153,153,663,4000379.84,-218972.54455174383
251,6941.388461538462,29,29,28,144,865808.3099999999,53166.080030769175
350,6949.759090909091,28,28,28,114,664893.59,-87765.31954545453
2371,6958.29715231788,368,368,365,1625,10255248.89,2685056.481850167
1781,6970.45695652174,36,36,36,176,1145087.62,72741.36907756528
926,6977.845321100917,76,76,75,307,1901374.77,604916.2295826051
846,6985.37,27,27,27,122,802242.86,-7361.522999999983
1217,7001.426663168941,732,732,720,3181,19609929.71,957516.4544849171
1210,7044.87,25,25,25,101,596263.9299999999,-79691.34649999999
257,7052.85,1,1,1,8,38018.479999999996,-5934.881200000003
995,7071.587821782178,155,155,155,726,4534362.48,-342911.64068316837
2054,7071.6015724815725,5428,5428,4926,24418,152890762.0,-11149886.83701228
9,7077.195950704225,343,343,332,1545,9908309.32,825213.1051937493
2360,7081.97732079906,419,419,414,1843,11531024.25,1572284.003696474
1749,7101.188181818181,35,35,35,150,926702.53,-24821.18042272717
1178,7106.041802773498,998,998,977,4571,29079213.8,11477371.314089159
895,7118.876024096385,372,372,372,1673,10764619.0,3561523.8249881454
1179,7152.328536585365,165,165,160,799,4905432.31,-211519.4723551701
899,7171.244594594595,60,60,60,271,1668053.01,-178183.9108783782
2355,7179.426821292776,988,988,966,4563,28780301.91,5592968.848341386
2361,7197.0143712574845,929,929,920,4176,26147512.26,-2404483.1536526936
2373,7213.408461538462,534,534,527,2393,15739304.459999999,5454791.674006614
905,7216.908461538461,151,151,151,670,4199394.85,759058.501842308
1784,7238.7,1,1,1,4,27804.16,4990.6730800000005
2055,7240.102907348243,4692,4692,4237,21054,134271984.88,-10539485.40074441
243,7241.85,47,47,47,206,1296793.3699999999,-47337.4411000001
274,7241.85,51,51,51,229,1447396.98,223012.3312049999
528,7241.85,235,235,234,1018,6481552.65,1722795.4198499995
1788,7245.0,1,1,1,6,42946.74,3667.2479999999996
1202,7253.09891566265,118,118,118,546,3558925.59,163852.9815829154
383,7286.85,91,91,90,400,2484771.88,-181049.32400000023
2042,7307.37,50,50,50,227,1452241.3,256100.09691100006
907,7343.25255526658,4507,4507,4100,20192,131327725.99,-9533481.826145642
2327,7343.27605427975,366,366,360,1600,10497504.34,-664275.2625052184
259,7345.98223140496,95,95,95,438,2765293.07,308057.6060057027
1994,7359.568083067093,655,655,649,2882,18853148.85,3560540.4196970626
2331,7365.661770148853,5438,5438,4867,24270,158641032.24,-3283952.5500981873
520,7367.85,93,93,92,394,2519530.9,-238255.3550000002
942,7413.811748878924,116,116,116,490,3223483.77,-153537.13686134582
588,7437.165180722891,55,55,55,229,1471301.9,24509.252985482053
1176,7474.808502673796,8,8,8,31,161498.36,-56595.622644213916
973,7486.731672597865,145,145,144,628,4228488.77,1278192.4197793594
2103,7489.311908713693,104,104,104,483,3316036.96,1071478.9469906432
2123,7489.429322033899,93,93,93,395,2655420.5,437268.72826389835
823,7496.369999999999,6,6,6,30,224021.62,10375.07500000004
827,7496.37,8,8,7,38,276263.39,45382.69037000001
530,7519.365,7,7,7,37,244494.46,30406.859402499987
2381,7536.502486388385,402,402,402,1850,12437951.84,-807451.2798275849
175,7553.7,8,8,8,22,148264.61000000002,-9607.719999999985
244,7556.85,44,44,44,175,1172767.16,-58564.871125000005
250,7556.85,1,1,1,8,62157.92,10227.246799999994
252,7556.85,80,80,80,376,2396482.64,529983.00836
348,7556.85,13,13,13,50,308143.25,27557.409499999994
272,7556.850000000001,14,14,14,62,406861.02,45113.09912999998
524,7556.850000000001,2,2,2,8,42167.119999999995,-15264.94000000001
531,7557.783882352941,253,253,248,1129,7644741.85,-461359.25301764684
2121,7559.25,16,16,16,67,429891.54000000004,25931.267400000048
1184,7559.37,43,43,43,203,1445190.01,410748.432649
1770,7559.37,8,8,8,30,181721.18,54338.236130000005
2166,7559.37,5,5,5,22,106134.82999999999,-1016.2160020000183
2155,7564.62,20,20,20,95,598611.8,228656.49428
2115,7572.40448275862,66,66,66,264,1800123.51,296189.4584118621
260,7624.958108108109,33,33,33,155,1012753.1,383053.5596
1777,7626.910344827586,20,20,20,88,594216.95,17750.660024827634
1783,7627.724999999999,7,7,7,31,207938.1,-4284.278812499988
1800,7633.08,45,45,45,197,1317596.06,-110934.86199999969
311,7633.679268292683,62,62,62,263,1754134.43,160857.32089560962
559,7658.988223707352,2201,2201,2141,9930,67453911.28,2222607.27922522
224,7682.090963855422,63,63,63,270,1840003.08,473336.0512572288
1220,7693.690754716981,62,62,62,288,1989323.01,298680.6287954716
1132,7701.12,4,4,4,23,140027.07,30970.739567999975
228,7714.35,14,14,14,59,402076.42,160211.49018999998
2148,7739.005135135135,65,65,65,295,2013849.75,771894.2059135137
1133,7748.37,76,76,76,357,2471883.04,898486.6304080002
2384,7792.531998777506,1253,1253,1229,5544,38236673.02,14367679.955824574
464,7809.460209424084,104,104,74,453,3138752.61,1222742.1568108897
2374,7830.721535836178,220,220,220,979,6788780.44,1182432.5206853
1772,7868.7,38,38,38,195,1394314.57,367496.4322
675,7873.649577861162,815,815,807,3619,25754883.26,6785936.291708505
2177,7876.33875,68,68,68,293,2009052.92,417616.6218139999
1183,7901.32826306914,744,744,726,3329,23182393.61,7084638.275892613
482,7907.13,17,17,17,97,728076.51,120465.75655799996
1786,7948.03935483871,100,100,100,462,3210253.57,-222693.79069148403
1175,7960.852541018091,1603,1603,1529,7287,51667633.03,-3442562.8130788836
2165,7994.642727272727,13,13,13,46,320917.68,34621.52929363637
972,8000.37,7,7,7,34,231499.72,31570.4737
2085,8000.37,83,83,82,374,2642528.81,-200002.65099999995
2084,8001.930483870968,1316,1316,1280,5887,41631966.83,-2083667.6659329047
943,8063.37,5,5,5,22,178342.02000000002,9817.587000000021
1804,8096.862162162162,17,17,17,89,651568.38,140071.78411945945
1999,8126.369999999999,149,149,142,686,4712019.82,833150.6432440004
974,8151.269169550173,159,159,158,701,4908274.09,441037.86203521746
967,8161.481464968154,1717,1717,1662,7795,57157222.05,6554869.875347962
10,8183.699999999999,17,17,17,65,501651.33,-3692.1449999999004
141,8183.7,18,18,18,95,685703.46,-52875.46499999997
230,8186.85,4,4,4,16,128430.72,3990.600000000003
258,8186.85,26,26,26,131,981599.9,-37253.58249999997
279,8186.85,18,18,18,89,664486.88,126393.883475
517,8186.85,74,74,73,303,2208762.05,118843.44912499977
1287,8188.74,34,34,34,160,1206053.19,516888.8316000001
1672,8188.74,7,7,7,38,281327.54000000004,93006.17297600005
1685,8188.74,40,40,38,189,1410202.26,539482.071564
1139,8189.176153846154,503,503,500,2255,16367885.68,2630587.722391923
1214,8189.370000000001,103,103,103,471,3512304.77,1338776.3623549999
1751,8189.370000000001,46,46,46,220,1663466.63,304293.2698399999
1124,8199.463653250774,1005,1005,990,4456,32428365.86,-2281603.676941169
945,8241.386433389545,750,750,740,3426,25187002.68,-1636237.74475295
1778,8251.727142857142,72,72,70,309,2306719.31,942585.0373785716
1889,8251.836923076922,415,415,410,1841,13664522.93,-767527.2566153819
614,8263.487647058824,36,36,36,161,1124033.1,59961.97536105869
292,8269.868691588787,52,52,52,234,1810527.83,106435.37946373837
940,8270.437924528303,199,199,197,838,6135157.35,-448938.2817169824
165,8309.284615384617,181,181,181,821,5901305.79,-579520.7457692317
1286,8311.691612903225,194,194,192,845,6462966.54,1216502.11856129
2119,8315.37,31,31,31,133,927730.38,-11769.22639499991
2117,8322.37,25,25,25,112,866313.04,-19187.12800000005
1207,8323.85076923077,18,18,18,64,453747.36,-52342.76676923078
954,8325.9412900097,817,817,808,3625,27254895.65,317873.7201654928
1142,8326.33408839779,271,271,269,1257,8894081.87,-406185.1819844982
615,8328.96637057599,1954,1954,1904,8816,65060525.65,22097704.83229391
326,8344.35,8,8,8,41,339872.5,99260.664445
968,8354.878474576273,81,81,81,330,2342475.5,-276778.9017796614
946,8360.990689655173,501,501,494,2243,17049994.21,5878413.8589647245
1288,8377.74,13,13,13,49,379796.77,29221.861960000027
2375,8378.37,111,111,111,458,3427619.2600000002,1081498.0385559998
2376,8381.717836456559,1348,1348,1330,6056,44606025.07,-3615673.9867018713
174,8386.030434782608,51,51,51,222,1714437.22,33881.75248782642
663,8397.9,1,1,1,3,25839.69,1905.6749999999993
342,8412.978526645767,252,252,247,1138,8392861.14,26169.138612131846
674,8419.577208862469,2620,2620,2495,11922,88554456.01,13752621.754479712
897,8438.654,30,30,30,143,1064095.63,351764.3737634
947,8472.12,195,195,195,883,6591015.09,220296.01286399926
297,8483.475,17,17,17,87,680763.16,113414.65077249994
181,8498.7,4,4,4,12,101787.78,4902.599999999999
1798,8498.7,29,29,29,127,960209.45,199278.34549999988
660,8500.351456310678,854,854,841,3993,29888402.86,6502431.441481552
264,8501.85,70,70,70,321,2322275.59,895232.415835
1775,8504.37,41,41,41,187,1459095.56,63751.257493999874
2028,8504.37,12,12,11,56,385586.8,96601.50390399997
996,8557.10595505618,137,137,137,611,4624578.86,394287.10434783075
1760,8561.7,11,11,11,39,324806.63,85162.07848999997
299,8584.023913043478,66,66,66,303,2201777.0,836273.3960326086
998,8613.57,29,29,29,126,883059.56,228183.61461199983
2076,8618.809655172414,265,265,258,1204,9048904.86,-809289.6235862053
1891,8630.37,13,13,13,63,506994.29,163041.25009399993
495,8656.966557377049,641,641,471,2866,22139945.06,4248829.476752525
1897,8661.21827586207,111,111,111,501,3691591.64,1332330.34733031
1211,8670.87,20,20,20,96,772338.48,-18444.86400000006
277,8678.25,34,34,32,172,1224305.31,135112.0376999999
2183,8685.852954545455,98,98,98,426,3287036.69,-228128.00070454506
1893,8686.73842105263,59,59,59,248,1985494.84,202586.95011873665
2336,8688.96482388974,506,506,498,2283,17579301.34,-1265760.0182932618
231,8690.85,11,11,11,46,359039.39,-17272.676830000015
2087,8712.525405405406,116,116,114,450,3312138.08,-195655.33609729732
1894,8725.29,55,55,55,271,2171699.85,843766.5538559998
1126,8742.781764705884,71,71,71,306,2412847.97,488243.4663319997
2356,8744.4,1,1,1,5,29131.48,-284.68159999999625
160,8757.0,18,18,18,84,587131.58,-111677.01999999993
854,8770.989617224881,641,641,634,2876,22399987.43,-1564110.4021818207
170,8793.62462686567,106,106,104,460,3289557.26,818425.62910597
187,8798.352127659575,68,68,68,317,2501045.76,241056.1608935104
1906,8808.87,103,103,102,460,3526404.84,-140727.74100000045
253,8816.85,34,34,34,169,1276485.18,427158.01949999994
322,8816.85,125,125,125,577,4065994.28,-519209.4441850001
362,8816.85,205,205,202,903,7064928.28,2754509.6212299992
385,8816.85,50,50,50,236,1633378.58,-200409.83757999993
1678,8819.02,17,17,17,75,591050.64,-37304.53499999995
1687,8819.221764705884,19,19,19,83,688293.4199999999,-7102.216147058876
2176,8819.37,6,6,6,22,172278.03,7181.187473999982
133,8820.985714285714,119,119,119,524,4152038.46,351206.2663028571
1896,8833.75888888889,24,24,24,111,946905.85,139719.364776
975,8846.74,21,21,21,108,887520.0,-20155.52400000002
246,8877.426923076924,61,61,61,299,2386858.06,934928.2544499999
226,8879.85,4,4,4,28,231906.0,-4298.009999999995
1766,8892.502867132867,111,111,110,455,3560640.49,1192869.32158
681,8907.554838709679,1510,1510,1475,6908,55076437.67,-2069620.532526449
1682,8921.640000000001,92,92,91,417,3051104.5,-483203.1860000004
2286,8937.973131935883,452,452,450,2084,16533707.5,-751903.5144536623
1294,8944.74,1,1,1,3,18517.38,-6975.128999999997
5,8946.0,1,1,1,1,6752.76,-1745.9399999999987
645,8950.095000000001,144,144,144,677,5569486.88,-186766.71925000075
595,8975.727475247524,478,478,474,2273,18112067.38,6099470.729031285
958,8992.782371134022,72,72,72,342,2836059.33,1044562.1899345358
31,8993.317021276596,147,147,147,654,5535835.31,372941.08244510635
1796,9002.7,15,15,15,71,588115.53,86925.31802999998
2051,9008.37,30,30,30,148,1151154.22,232286.06660799982
1895,9014.516341463415,33,33,32,147,1305235.83,46358.62291463408
2391,9057.265510948906,626,626,620,2843,22885217.04,-1577098.5152463499
2368,9060.457987126976,1130,1130,1098,5098,41094217.2,14410130.099425739
948,9063.348260869563,124,124,123,564,4477322.58,1462936.3312387816
1231,9063.754615384616,357,357,353,1568,12661113.9,480036.78123323125
2173,9084.633157894736,48,48,48,238,1926479.1099999999,339682.5886502103
23,9103.5,27,27,27,117,907654.2999999999,217782.87685
2385,9105.602557856271,624,624,623,2869,22458627.23,4258054.726394264
852,9109.170000000002,4,4,4,20,182214.33,9140.099999999973
1308,9126.562048192773,153,153,153,682,5669879.16,1520750.5697761446
225,9131.85,24,24,24,102,806162.65,239189.82630999997
313,9131.85,8,8,8,32,226671.47999999998,52713.39023999999
366,9131.85,31,31,31,153,1275703.59,306484.6452150001
1136,9134.37,217,217,216,1040,8501947.07,-522810.48999999993
1883,9147.14027027027,49,49,49,232,1904521.41,-111508.30556756756
600,9148.348757120662,1496,1496,1469,6655,53761966.42,22833777.84285189
2179,9154.692580645162,31,31,31,146,1195176.15,152238.78338109676
2193,9177.035294117648,158,158,157,699,5776638.21,1864925.0804752938
183,9191.446033810143,375,375,369,1621,13408708.77,-745658.5497659309
193,9191.7,50,50,50,260,2160476.4699999997,275847.06879999983
195,9191.7,25,25,25,107,986893.88,382820.87101999996
1275,9196.74,10,10,10,47,431223.98,54780.259298000004
882,9197.37,73,73,73,356,2915280.25,-195270.2840000002
542,9213.817741935483,75,75,75,348,2938791.01,797872.0050109677
339,9215.85,8,8,8,29,266690.97,68705.02127999997
176,9216.9,8,8,8,43,325091.65,9258.902770000037
442,9240.095454545455,17,17,17,71,590240.05,-33004.388409090854
999,9245.030869565218,85,85,85,393,3049735.61,931886.7119092607
188,9261.0,35,35,35,164,1352428.81,262535.05960000004
985,9262.49837837838,224,224,222,961,7839436.53,2586802.4483490805
300,9320.85,10,10,10,39,305865.09,51405.88500000001
312,9320.85,2,2,2,15,123630.06,-9192.052500000013
1221,9335.13,59,59,59,264,2083654.99,-203377.1789600001
360,9338.85,3,3,3,16,136959.33000000002,29719.447679999997
1127,9359.509534883722,97,97,97,448,3690293.46,-293113.798046512
375,9362.19375,47,47,46,206,1784180.29,337528.49443375
578,9414.213956043955,1505,1505,1476,6763,56315111.46,11352537.530987008
26,9437.143228498076,1046,1046,1005,4632,39573413.66,1468924.55143084
177,9443.35,40,40,40,178,1285857.58,-222092.43272999983
99,9443.7,1,1,1,6,44587.91,-9241.179999999993
190,9443.7,51,51,51,240,2019669.25,208292.04039999985
1785,9443.7,1,1,1,2,18447.34,504.3100000000013
563,9445.094755700327,394,394,389,1716,14267684.8,-1129708.6707426726
261,9446.85,101,101,101,434,3578760.92,989243.3003599999
275,9446.85,3,3,3,17,144428.71000000002,8949.544779999975
294,9446.85,13,13,13,43,376143.6,3604.2361949999868
371,9446.85,53,53,51,222,1841585.7,-150754.96499999994
935,9448.74,1,1,1,8,74052.24,15590.995872000007
1303,9449.233783783784,26,26,26,94,800737.39,180665.44018081072
1779,9449.37,13,13,13,50,443875.02,122974.41479999994
323,9450.0,2,2,2,7,54372.8,10349.974999999999
997,9456.745,182,182,182,803,6769082.11,722166.0570694997
978,9462.733636363637,73,73,73,360,2916156.36,324767.82821454556
490,9468.391211401426,232,232,194,1069,9061741.79,3530227.16297399
1801,9474.183870967743,19,19,19,104,802261.53,64260.503187096605
1194,9476.444380165289,42,42,42,178,1439868.86,181679.44435657831
1997,9479.086981132075,123,123,122,534,4513803.75,277556.17433196196
1137,9511.97335781742,569,569,563,2456,20370040.15,7231585.096831915
111,9513.0,1,1,1,6,46348.25,-7875.850000000006
189,9513.0,2,2,2,8,75130.76,25678.38079999999
191,9513.0,9,9,9,41,342266.7,-27952.62360000002
537,9523.076012658228,83,83,83,367,3166948.04,1187397.6569399494
227,9546.096575342466,53,53,53,259,2192166.1,792023.8869303423
1730,9553.265217391305,14,14,14,60,524315.08,156552.58219130436
1140,9570.261891891892,203,203,203,855,7205368.25,2827691.204101351
481,9576.343636363636,42,42,42,181,1646109.89,-542.3982727274924
596,9577.146989690722,1876,1876,1831,8457,71857994.82,22451696.243993197
839,9597.8685,312,312,310,1352,11504407.63,917029.6008291997
955,9605.663617021277,170,170,170,730,6170392.2299999995,1728205.0619904257
4,9610.756521739131,167,167,166,735,6632184.18,2513220.5660478254
1903,9629.856486486486,26,26,26,111,1019102.1900000001,3633.8235000001805
686,9634.396153846154,299,299,296,1319,11364871.76,4092215.832041923
2293,9638.37,58,58,57,253,2132571.89,-184010.33949999986
437,9651.796875,247,247,247,1079,9189790.7,-703783.68671875
2290,9669.87,1,1,1,4,30634.769999999997,2309.786795999993
1873,9675.597272727273,18,18,18,93,850907.76,-3931.259045454535
1878,9708.284634146345,156,156,155,672,5767642.17,924248.8656737554
185,9741.693307086614,290,290,283,1307,11062284.27,3883761.0106981886
180,9746.469642857142,122,122,120,565,4899873.85,-245087.67183660727
2378,9752.4,3,3,3,15,95527.43,-43444.270000000026
640,9757.343076923078,212,212,211,971,8132674.82,-867986.3013076925
957,9761.416875,98,98,98,423,3571727.63,808960.6448605623
1278,9764.37,15,15,15,77,692519.48,186745.619177
1752,9766.063636363637,49,49,49,256,2100152.62,-274954.05636363634
666,9766.924054054054,109,109,109,523,4285599.96,543915.7722020262
667,9799.404146341463,101,101,100,432,3742090.29,-279585.17165853624
333,9807.470689655172,217,217,217,996,8485383.08,-230818.19199379277
1686,9826.74,8,8,8,36,336917.58999999997,843.0819999999767
651,9885.465808383236,281,281,281,1271,11416642.62,4263714.304730317
400,9886.802879868348,1421,1421,1391,6610,57971556.75,10199415.046735328
291,9887.85,8,8,8,28,256717.03999999998,-6299.770000000019
676,9891.036652260638,2328,2328,2260,10401,91269032.54,-4375409.623085443
1901,9899.9325,8,8,8,44,414884.06,1066.8815000000213
580,9901.548539325842,1429,1429,1396,6470,56510761.16,-4349106.936966288
956,9913.23,139,139,136,636,5557590.55,-431983.0159999997
2348,9921.92680327869,92,92,91,417,3532577.65,801451.2108539423
415,9929.025555555556,444,444,352,2066,18716655.48,-496163.86279866775
622,9946.84289008455,1019,1019,1002,4443,39033729.04,6268428.696977312
641,9957.778918764305,1310,1310,1281,5786,51931605.61,4185467.707575857
652,9960.631578947368,60,60,60,275,2455253.47,-146961.53000000006
629,9968.7,8,8,8,45,423670.58,-2491.344999999972
2184,10003.168713136727,288,288,288,1291,11108185.52,-1160200.748226541
2154,10009.10076923077,7,7,7,40,373732.83999999997,161379.75808
2106,10011.439565217392,40,40,40,192,1785133.39,367897.9868445217
545,10045.678411214954,529,529,524,2363,21007541.35,-475292.6175593435
837,10059.6825,15,15,15,60,561609.17,-11792.732499999995
2185,10064.304782608697,73,73,73,307,2678883.69,533367.1449996519
89,10073.7,38,38,38,168,1497113.44,374387.48656000005
196,10073.7,24,24,24,102,963101.58,150129.81311999998
1727,10073.7,5,5,5,15,101908.77,-17751.675449999977
916,10079.37,69,69,69,323,2919307.4,-173547.28449999995
1885,10079.37,2,2,2,8,82716.4,14700.81123999998
2287,10079.37,3,3,3,15,124267.29000000001,5915.327460000011
649,10084.343684210527,55,55,55,243,2273518.87,-54451.86950000013
557,10090.442604501608,233,233,232,1017,8887492.8,1204348.2775838105
1863,10115.099166666669,164,164,163,782,7019890.87,2060316.1371949995
422,10127.632355305466,959,959,943,4178,37571966.11,13885009.890534997
685,10129.728957654725,247,247,246,1091,9633600.53,547029.0344587675
1870,10134.107704918031,42,42,42,194,1862488.34,-5227.710016393516
567,10134.776887966806,931,931,910,4159,37187025.93,954424.2585644322
223,10136.85,17,17,17,67,621416.91,247058.98475999996
662,10139.144776119403,100,100,100,395,3651143.4,1341081.2107880595
828,10146.73689473684,98,98,78,468,4253673.89,68193.62525814766
617,10151.263043478262,315,315,312,1469,13527408.69,3713686.3091067397
2389,10194.304335260116,787,787,775,3493,31166407.45,-817331.4196797085
589,10207.29366412214,467,467,465,2164,19528359.1,3838838.247649437
485,10231.442307692309,8,8,8,28,288906.32,16749.954615384646
30,10256.4,1,1,1,7,71207.92,16521.82084
556,10268.64391304348,730,730,719,3345,30245854.25,-2155193.2316167434
959,10276.115901639345,146,146,146,601,5324952.3,1362465.5665424261
1884,10289.225985037408,629,629,622,2802,25155222.92,1658437.7837890286
1774,10302.293076923075,40,40,39,188,1743815.58,76785.05355415386
2178,10331.37,31,31,30,118,1014483.08,-143663.49699999994
489,10349.290430769232,525,525,429,2368,21461974.919999998,4613330.09870769
76,10388.7,116,116,114,567,5277107.74,-65478.62030000003
335,10391.85,82,82,82,366,3205156.36,-408089.88499999983
103,10425.177091172214,482,482,439,2117,19717675.7,4654832.516877097
609,10426.571033557047,3530,3530,3344,15925,148541263.56,5412073.682500676
2377,10451.7,3,3,3,8,65358.52,-12594.439279999995
683,10477.884955752212,271,271,268,1190,11505346.79,4052814.902716815
1892,10488.371582278482,473,473,468,2126,19742946.26,-1440417.824727845
369,10489.213636363636,26,26,26,123,1086552.02,-105955.14018318178
554,10501.44709090909,41,41,41,157,1424078.36,415057.3177170909
1141,10507.848260869563,160,160,160,706,6343912.76,-703701.0685652166
555,10520.478996539792,265,265,259,1178,10847673.68,-925794.365027684
568,10532.698282442749,196,196,195,914,8293821.78,1321068.0835004188
206,10546.53264,753,753,743,3354,31354307.07,11831909.475090334
318,10553.85,4,4,4,15,159090.81,69156.177225
648,10560.816,389,389,383,1738,16269259.15,-1167704.1476
653,10584.532361623616,347,347,346,1568,14581791.52,-1184927.8858745368
639,10586.428125,154,154,154,691,6680476.32,-268984.4226562494
1886,10602.988421052632,82,82,82,362,3306816.62,353642.59660084225
289,10606.05,5,5,5,21,215379.15000000002,3788.452500000014
644,10607.752256033578,1451,1451,1414,6625,63460802.66,6333150.675840761
114,10640.7,24,24,24,119,1132763.12,448865.11366999993
599,10648.856285414482,1489,1489,1458,6734,62715998.82,-5407929.49468207
590,10658.332964467008,768,768,756,3520,33473483.17,-2167982.2631776696
94,10703.7,181,181,181,853,8439422.3,-42585.616900000394
1771,10709.37,17,17,17,74,709216.45,146783.89821399993
88,10710.0,1,1,1,8,53546.56,5591.464
1679,10719.602068965518,19,19,19,73,734915.75,-8488.653482758597
204,10730.285073529412,148,148,148,638,5963760.8,1544033.6362657645
635,10745.220588235294,3294,3294,3127,14745,142311474.84,6577402.442757362
565,10752.791426927502,666,666,656,2995,29207884.83,2098043.8595532235
416,10765.597500000002,11,11,10,47,480012.12,33583.24631025
634,10788.273954983924,236,236,235,1099,10878663.25,4278253.760297235
443,10801.314772663089,2754,2754,2618,12379,118737289.51,42282211.37861863
115,10818.745208023774,916,916,899,3965,38236459.84,1697370.4181082144
445,10819.789797297297,2063,2063,1963,9575,92354219.16,21108851.73751706
3,10831.3771884655,581,581,566,2584,25098689.75,-1490174.9722451065
2124,10854.356301369864,90,90,90,406,3879754.3,1041730.8840186296
642,10862.120949720673,416,416,412,1831,17594809.43,3674817.863088909
1034,10885.35,88,88,88,422,4266148.05,-97788.76500000017
636,10891.997347272134,2394,2394,2305,10694,102525508.08,4322046.628489964
418,10896.09205263158,728,728,718,3270,31304821.81,584445.2533628414
1768,10898.37,26,26,26,132,1298290.1,-68365.49799999992
670,10899.88914893617,548,548,542,2409,23708339.97,-1236601.341797874
574,10912.659378640778,394,394,390,1763,17349250.62,-518025.84659572475
838,10919.37,2,2,2,6,66483.15,4242.7409999999945
460,10932.551358574608,352,352,344,1636,15670673.07,757614.7459327232
2295,10934.453696808512,850,850,841,3882,37771718.89,-2553452.8984601097
637,10938.358303886926,209,209,209,946,8954422.38,1043615.7025378091
1888,10940.58,8,8,8,39,399023.67,7073.015267999966
593,10942.190633484162,177,177,174,714,7117834.7,730151.4657772292
656,10963.752007822686,293,293,291,1275,12383363.33,1064742.079064112
684,10989.136432160803,455,455,450,2029,19914185.0,-1267924.9298115594
500,10989.306953642385,111,111,107,501,5136251.4399999995,765872.1982395354
430,11001.0495,83,83,83,379,3695626.4899999998,-265301.3824750002
627,11006.55,29,29,29,119,1136919.6,219550.07321999987
1134,11011.57028818444,203,203,203,951,8914839.59,529906.5124084344
2289,11018.7,1,1,1,4,29370.96,-9586.755719999994
2291,11018.7,88,88,88,367,3610429.47,697230.6368400002
657,11020.21447260834,1899,1899,1842,8570,83963433.2,-5757642.928740802
896,11024.37,28,28,28,134,1257767.97,318965.69390999986
672,11024.427272727276,16,16,16,64,662640.74,-7644.438181818268
603,11026.336363636365,74,74,74,316,3225312.46,645520.2358109092
396,11028.42869470343,3874,3874,3656,17339,171201500.97,-3766560.530778477
647,11033.912927650028,1397,1397,1367,6200,60776658.76,23335723.37912226
1673,11048.487692307694,33,33,33,142,1307472.55,367082.7297667693
591,11048.621805273831,373,373,370,1640,15919534.23,-1294218.542616632
492,11054.693628318582,86,86,86,386,3762522.93,150412.84164053143
510,11057.58904706566,1322,1322,1274,6017,59330152.39,-3237963.51374089
536,11059.65,27,27,27,108,1140399.43,92276.39949999998
491,11060.080544680852,5444,5445,5042,24485,241000085.34,-16265683.18968511
389,11063.057547169812,64,64,64,293,2848512.33,-111603.42655811318
467,11081.167628705149,1433,1433,1388,6417,63921030.37,23169120.002873924
451,11090.666339746598,854,854,840,3779,36231913.97,3725255.217266905
432,11109.203179972936,1726,1726,1685,7910,78199658.48,-5280448.815906624
562,11109.750837988828,138,138,137,594,5948974.96,-320257.43787709536
610,11122.506,20,20,20,87,794286.2000000001,-39835.014964000016
331,11147.85,17,17,17,74,798406.69,14712.834999999992
382,11147.85,17,17,17,83,825224.47,-30929.29521500001
575,11157.957055214723,489,489,484,2243,22146738.63,-1629194.161104293
658,11169.79043478261,92,92,92,451,4537630.46,878839.3844550432
671,11194.626315789474,830,830,821,3652,36397798.77,7669472.562991575
417,11199.107872340424,17,17,17,75,774986.85,155452.20250212774
304,11204.147872340429,40,40,40,166,1661416.06,479270.8996485105
466,11204.621320754715,20,20,20,90,889475.31,81532.47580301882
471,11232.976407322654,401,401,396,1788,17555823.95,-1524509.7754782585
321,11235.502173913044,105,105,103,486,4737308.96,-450122.3936956526
551,11245.40662055336,3113,3113,2956,14246,142986863.25,-9205096.330583004
646,11258.1,66,66,66,298,3058787.64,412096.1431799998
499,11293.2135989011,1946,1946,1871,8590,86983811.16,31620943.322330363
1789,11313.77625,48,48,48,227,2303188.07,469730.6656733749
544,11334.106451612904,124,124,124,543,5397079.2,765878.2980725802
336,11336.85,32,32,32,145,1513932.8,-47718.287499999904
619,11336.85,1,1,1,1,11203.85,4694.23073
496,11338.433980634749,2816,2816,2678,12749,126899349.48,-10426660.598156784
1792,11339.37,2,2,2,12,94681.3,859.3526199999978
1869,11339.37,1,1,1,7,79831.5,28157.990909999993
1880,11356.870000000004,22,22,22,99,953981.0900000001,359098.018217
401,11384.1,50,50,50,227,2373927.52,-81053.64500000008
607,11408.04,1,1,1,5,56492.9,18110.549420000003
1905,11412.145352112677,330,330,329,1480,15078741.25,2571714.6728056343
426,11422.280511627909,1163,1163,1131,5302,53663181.14,1205302.471629572
1899,11430.57895522388,50,50,50,234,2381966.87,-159050.83174626797
433,11459.313318584072,2412,2412,2251,10760,109052025.51,38646462.85315221
564,11503.8,1,1,1,8,94435.52,31422.30512000001
628,11516.4,11,11,11,57,645330.31,116440.79164000005
553,11516.617241379312,137,137,136,582,5945078.38,271267.18001034483
472,11541.579742765272,728,728,719,3349,34133800.05,-2586312.980594851
479,11566.749193548389,96,96,95,444,4600180.71,1016019.8975932266
592,11573.637804878048,159,159,159,680,7251031.37,2255108.5805951213
207,11575.161549295775,223,223,222,1000,10225734.92,1298970.3331830981
508,11576.454545454546,232,232,230,1032,10961885.08,3639629.401381818
552,11588.85,2,2,2,5,58840.31,3793.2725000000028
409,11606.281900452488,1525,1525,1489,6954,70682276.51,-4168255.7029714
332,11613.773076923078,62,62,61,296,2893714.7800000003,207514.10443692314
106,11626.290319148937,148,148,87,633,6389989.85,-601479.8334202133
92,11626.60103626943,440,440,435,2045,20876910.25,2191038.182243524
493,11636.1,501,501,499,2322,23961797.2,-1706275.7900000005
682,11641.827272727272,206,206,206,948,10111450.46,-373179.1818181814
1881,11652.151690140843,108,108,108,464,4811368.53,1500908.3393388167
455,11674.470652173914,112,112,112,524,5553225.22,1102188.520422608
608,11699.1,48,48,47,216,2378629.5,-22025.820000000083
438,11718.531191363438,7053,7053,6332,31471,325014877.63,114765478.02015038
612,11727.45,60,60,60,273,2836082.86,754406.53873
1125,11760.3675,124,124,124,570,5892972.87,761512.9168875004
486,11767.717834394904,128,128,127,571,6084465.42,2533951.958790573
2363,11768.959539473684,180,180,179,777,7956804.25,-730453.2340624997
566,11783.942843326886,403,403,400,1832,19086560.84,1477079.731183213
655,11836.938926174498,109,109,109,469,4733985.14,1058320.863643557
108,11844.0,88,88,88,391,3907255.31,363611.04919999995
1041,11954.96320754717,82,82,82,384,4285263.51,1944462.586021132
372,11966.85,12,12,12,53,556939.08,233411.70019499998
387,11966.85,8,8,8,25,230283.88,-53928.80749999999
1767,11969.37,9,9,9,46,478604.66000000003,157224.68162599992
457,11969.920218340612,548,548,543,2359,24880667.25,9652430.60992117
1864,11978.285094339622,13,13,13,46,492744.75,150573.05799509428
1871,12087.152608695653,43,43,43,202,2196962.48,720768.2016220869
638,12105.45,214,214,212,952,10098338.51,-849830.4699999997
459,12111.791176470588,125,125,125,565,5766435.47,892735.4831264706
425,12149.68174904943,207,207,207,876,9050579.28,-1060385.871558935
427,12186.983009708738,79,79,79,364,3868559.28,704316.3869796114
1769,12221.37,3,3,3,9,77626.81999999999,-26865.893500000002
1898,12242.036896551725,64,64,64,321,3491159.38,-242049.77160344826
577,12288.258347826088,802,802,795,3685,40874639.0,6845041.643178045
654,12297.939230769232,19,19,19,58,636781.12,-40835.33161538461
402,12352.398169014086,292,292,252,1226,13570873.81,-163256.20676109963
431,12437.648350515465,332,332,328,1515,16747641.63,2119791.8120246874
100,12474.0,24,24,24,120,1445218.6,525236.1520000001
1879,12504.491621621622,318,318,315,1470,15992627.93,-1469894.619594595
423,12518.475688073391,149,149,149,653,6898374.48,-867461.9130963287
470,12524.873693181818,888,888,867,3935,42656450.9,13809719.16674298
93,12532.031818181818,536,536,532,2292,25754449.2,8307845.758374546
40,12593.7,20,20,20,85,976553.3300000001,-40387.944999999934
280,12596.85,120,120,120,545,6080763.57,-441255.5174999997
295,12596.85,123,123,123,575,6202289.06,1263882.97025
346,12596.85,19,19,19,84,957883.25,-47345.37999999994
352,12596.85,12,12,12,49,570260.75,18998.65998499994
1031,12596.85,2,2,2,9,115624.3,8658.148225000012
384,12596.850000000002,20,20,20,86,948160.21,21805.496589999955
1674,12599.37,2,2,2,6,61272.840000000004,-10543.568999999996
449,12600.87163103917,3593,3593,3399,15992,175841278.65,-4533132.179515022
569,12601.622727272726,52,52,52,219,2403401.29,-218366.31840909063
475,12606.228520360584,4982,4982,4624,22709,256552098.24,28534185.417046215
388,12720.344318181818,93,93,93,388,4022707.05,-666011.8656818183
1907,12729.083973799128,513,513,504,2332,26278303.51,9969790.939501379
826,12730.405428472704,6422,6422,5788,28993,327509101.46,-23128910.898323573
488,12855.294845488255,613,613,597,2726,31211128.32,7258873.002694525
173,12869.200657894737,13,13,13,60,494271.18,-151942.86183552624
42,12927.6,9,9,9,38,386071.31,28736.932880000022
487,13019.79912189546,7418,7418,6687,33277,380468714.41,13497616.903719988
452,13107.434516129031,18,18,18,72,646759.98,130631.15254529023
501,13211.57028169014,340,340,338,1473,17141370.47,6418556.163263802
319,13226.85,1,1,1,4,52376.24,8717.053520000001
444,13238.5575,17,17,17,70,596624.47,-283739.60374999995
74,13273.377049180328,84,84,83,372,4280901.25,1024984.3346426229
502,13275.297368421052,660,660,655,2905,34626426.79,5224669.886747366
806,13293.0,9,9,3,35,464012.02,65381.53600000001
1040,13324.978153846156,146,146,145,651,7942234.65,1469277.3973416006
1773,13497.12,22,22,22,122,1469645.84,507673.70451199997
1866,13638.145862068968,70,70,70,345,4234775.98,981157.6170508623
359,13730.850000000002,71,71,71,319,4031626.46,-129507.63250000033
403,13752.81,73,73,73,337,4174222.32,1569059.1531630002
307,13856.85,32,32,32,148,1750810.22,541035.1593799999
461,13863.650487804878,770,770,753,3575,42725338.83,-4359084.139207318
324,13905.652816901407,20,20,20,75,909164.23,322102.3322024648
643,13917.75,2,2,2,9,110290.61999999998,23535.717149999968
1875,13973.850935875216,356,356,354,1608,20037510.91,2164910.8466926045
327,14014.35,14,14,14,63,827495.48,-11263.3675
351,14045.85,6,6,6,19,240765.47999999998,75945.85776000001
86,14175.0,49,49,49,226,2852900.56,-190471.94
456,14175.284700544466,410,410,404,1802,22656144.84,4075538.8717007716
1868,14247.512493297589,111,111,111,509,6547441.36,-341943.3061340484
618,14262.4125,22,22,22,111,1557668.02,53696.62187499989
428,14291.702003988035,408,408,403,1858,23299075.29,-894258.0048586425
364,14297.85,1,1,1,1,9713.9,790.6118149999984
282,14486.85,22,22,22,103,1388458.6600000001,151619.21360500006
1029,14486.85,1,1,1,6,86140.14,3565.095000000001
1035,14486.85,1,1,1,8,117823.84,16033.437160000001
1042,14486.85,2,2,2,11,157687.32,33374.211465
200,14491.708235294118,213,213,212,918,11935218.34,3832124.611744
819,14579.50153846154,1797,1797,1727,7980,101827012.51,2259455.9254092225
306,14648.60675675676,53,53,53,252,3433837.13,1476261.7768967568
420,14672.77455621302,403,403,402,1755,22604603.12,-1858580.2588461528
413,14675.85,2,2,2,13,192556.11,58910.48197500002
109,14767.077006507592,197,197,197,865,10772429.44,-1362416.0900976132
308,15162.94756097561,28,28,28,114,1527910.02,361466.92038731737
1872,15214.602558139535,24,24,24,121,1613239.13,391389.3921416977
949,15434.37,48,48,48,219,2880819.53,-330301.1485
971,15434.37,117,117,114,547,6395615.32,-1624855.0505
506,15456.909752650176,3193,3193,3018,14249,192410257.73,-13673463.231199918
210,15511.570819672132,1,1,1,2,19319.760000000002,-1434.7217567213083
484,15627.15,19,19,19,72,1117896.42,272680.13424000004
281,15746.85,21,21,21,83,1163262.79,436969.252765
539,15753.7172985782,160,160,160,676,9223342.03,3427877.1131728906
601,15754.49563106796,163,163,163,709,9872572.12,-738868.412305824
602,15756.270560747664,90,90,89,376,4940555.28,521576.84856560855
540,15766.334536082471,78,78,78,336,4479399.28,-245960.3764783512
579,15941.109130434785,107,107,106,469,6483056.25,-101391.77644056498
538,15951.633157894736,16,16,16,82,1181528.83,249031.44918242103
182,16000.568181818182,18,18,18,86,1241389.51,204949.50590909092
546,16066.115625,145,145,144,666,9348388.8,465221.39821124956
625,16075.5,59,59,59,264,3935101.86,1629373.6044
541,16095.853846153846,58,58,58,271,4025179.53,-118698.04269230738
202,16231.71508474576,475,475,469,2147,30769515.51,-2337502.1626016917
669,16376.85,255,255,255,1166,17029988.21,859997.4777200011
408,16386.067674418606,71,71,71,289,3920624.01,-578170.8700116279
390,16691.85,9,9,9,40,625299.88,126814.47159999999
581,16696.35,150,150,150,705,10554193.1,595989.0695000027
668,16826.67,31,31,31,147,1979563.47,106613.75497200008
1037,17006.85,1,1,1,2,34877.7,7734.767400000001
950,17009.37,39,39,39,173,2583575.92,749440.244467
623,17011.958108108105,175,175,175,787,12013104.93,4265231.466313376
626,17013.896946107783,131,131,130,606,8792085.55,-1002814.9218742497
478,17103.87,157,157,157,730,11170565.19,3433099.3755300036
1780,17143.7,8,8,8,37,569095.84,29355.589790000053
982,17194.14653631285,138,138,135,648,9516905.79,-320195.5710380778
338,17636.85,30,30,30,128,2050376.21,573057.2160799999
498,17636.85,259,259,257,1162,18400024.59,-28197.92423999818
410,17643.046721311475,229,229,229,1000,15419389.42,-1341504.9652459011
1876,17668.006363636363,8,8,8,32,496450.11,-40657.283454545395
497,17957.93108108108,197,197,197,870,13831594.4,-1010635.6385135099
611,17959.956617647054,210,210,208,1000,15575572.92,3179610.8625000045
659,18102.50513513513,241,241,239,1070,16760789.48,5863407.233741079
201,18386.83451612903,246,246,245,1126,18617507.98,982202.2284156134
473,18458.3,73,73,73,301,4643345.66,525832.3748700003
447,18516.81586715867,434,434,429,2009,33874054.55,5237276.637231666
305,18589.783333333333,46,46,46,208,3352893.9,1045262.2997866671
419,18774.585398230087,88,88,88,387,6345480.68,1517380.1371130524
576,18775.840588235293,80,80,80,409,7082047.58,1939975.711126118
398,18902.079677419355,37,37,37,179,2885313.14,152144.24654793565
494,19351.386393442623,133,133,133,561,9667775.81,2339889.567463114
1902,19529.37,1,1,1,2,38639.48,6064.490840000002
412,19533.022173913043,201,201,201,936,15992691.09,66449.27370886975
483,19535.011791044777,13,13,13,58,852514.82,-223864.32968656707
440,19538.72371179039,182,182,182,780,12669067.75,2980869.7524035806
394,19686.87,27,27,27,124,2383087.52,217523.94525200024
407,19779.22981322719,1614,1614,1578,7290,126374975.35,-10606080.721504897
435,20162.558053691275,230,230,229,1028,18035000.14,-1655754.0552348967
424,20475.451545064378,185,185,185,825,15189966.84,5267460.644004079
450,20605.7840625,195,195,195,891,15802428.26,563832.7722593774
353,20786.85,9,9,9,37,768582.54,203668.710975
511,20805.12,44,44,44,175,3075592.95,670781.1420000003
503,21108.804545454543,240,240,238,1064,20141932.080000002,67391.4090981735
421,21110.51634146341,30,30,30,162,2974414.32,81517.8247344878
458,21423.246923076924,19,19,19,92,1825967.11,286466.8782113845
504,22059.311538461538,140,140,140,626,11684436.75,2638076.326982309
436,22367.919512195123,92,92,92,443,8584521.06,1214215.5298053648
404,22378.448212290503,135,135,134,628,12470041.98,1206029.0999292745
429,22679.37,180,180,178,776,15018988.39,2090622.5932480008
405,22994.37,234,234,234,1052,21180280.89,6288869.341055995
406,23003.533636363634,36,36,35,170,3874757.54,1221414.9527136364
476,23472.73046511628,178,178,176,763,15943848.56,5244597.755766465
505,23693.57689655172,52,52,52,207,4094850.69,449773.9556499311
462,24321.97975609756,21,21,21,110,2266909.05,57549.0529156094
334,25196.85,26,26,26,124,2678827.41,-289361.5199999999
296,27716.85,2,2,2,10,177030.87999999998,31046.23104999999
347,40950.0,26,26,26,95,3505305.9,-190431.6
